{
    "type": "minecraft:block",
    "pools": [
      {
        "rolls": 1,
        "entries": [
          {
            "type": "minecraft:item",
            "weight": 4,
            "name": "minecraft:chainmail_leggings",
            "functions": [
              {
                "function": "set_nbt",
                "tag": "{HideFlags:6,Unbreakable:1b,CustomModelData:1}"
              },
              {
                "function": "set_attributes",
                "modifiers": [
                  {
                    "name": "generic.armor",
                    "attribute": "generic.armor",
                    "amount": 10.0,
                    "slot": "legs",
                    "operation": "addition"
                  }
                ]
              },
              {
                "function": "minecraft:set_name",
                "name":{
                  "text": "Угольные штаны",
                  "color": "light_purple",
                  "italic": false
                }
              },
              {
                "function": "minecraft:set_lore",
                "lore": [
                  {"text": "Могут случайно рассыпаться..","italic": false}
                ]
              }
            ]
          },
          {
            "type": "minecraft:item",
            "weight": 30,
            "name": "minecraft:coal",
            "function": "minecraft:set_count",
            "count": {
              "min": 1,
              "max": 3
            }
          }
        ]
      }
    ]
  }
  