{
  "type": "minecraft:block",
  "pools": [
    {
      "rolls": 1,
      "entries": [
        {
          "type": "minecraft:item",
          "weight": 1,
          "name": "minecraft:iron_axe"
        },
        {
          "type": "minecraft:item",
          "weight": 1,
          "name": "minecraft:iron_sword"
        },
        {
          "type": "minecraft:item",
          "weight": 1,
          "name": "minecraft:iron_pickaxe"
        },
        {
          "type": "minecraft:item",
          "weight": 1,
          "name": "minecraft:iron_hoe"
        },
        {
          "type": "minecraft:item",
          "weight": 1,
          "name": "minecraft:iron_shovel"
        },
        {
          "type": "minecraft:item",
          "weight": 80,
          "name": "minecraft:iron_ingot",
          "functions": [
              {"function": "minecraft:set_count",
              "count": {
                "min": 1,
                "max": 1
              }}
          ]
          
        }
      ]
    }
  ]
}
