{"pools":[{"rolls":1,"entries":[{
  "type": "minecraft:item",
  
  "name": "minecraft:diamond_shovel"
   
}, {
  "type": "minecraft:item",
  
  "name": "minecraft:diamond_pickaxe"

}, {
  "type": "minecraft:item",
  
  "name": "minecraft:diamond_axe"

},{
  "type": "minecraft:item",
  
  "name": "minecraft:string"

}, {
  "type": "minecraft:item",
  "name": "minecraft:diamond_sword"

}, {
  "type": "minecraft:item",
  "name": "minecraft:diamond_helmet"

}, {
  "type": "minecraft:item",
  "name": "minecraft:diamond_chestplate"
}, {
  "type": "minecraft:item",
  "name": "minecraft:diamond_leggings"
}, {
  "type": "minecraft:item",
  "name": "minecraft:diamond_boots"
}, {
  "type": "minecraft:item",
  
  "name": "minecraft:totem_of_undying"
}, {
  "type": "minecraft:item",
  
  "name": "minecraft:stick"
}, {
  "type": "minecraft:item",
  
  "name": "minecraft:iron_ingot"
}, {
  "type": "minecraft:item",
  
  "name": "minecraft:coal"
}, {
  "type": "minecraft:item",
  
  "name": "minecraft:leather_chestplate"
}, {
  "type": "minecraft:item",
  
  "name": "minecraft:trident" 
},{
  "type": "minecraft:item",
  
  "name": "minecraft:enchanted_golden_apple",
  "functions": [{
          "function": "minecraft:set_count",
          "count": 5
      }
  ]
}, {
  "type": "minecraft:item",
  
  "name": "minecraft:golden_apple",
  "functions": [{
          "function": "minecraft:set_count",
          "count": 2
      }
  ]
},

{
"type": "minecraft:item",
"name": "minecraft:experience_bottle",
"functions": [
{
"function": "minecraft:set_count",
"count": 12
}
]

},
{
"type": "minecraft:item",
"name": "minecraft:diamond",
"functions": [
{
"function": "minecraft:set_count",
"count": 11
}
]
},
{
"type": "minecraft:item",
"name": "minecraft:tnt",
"functions": [
{
"function": "minecraft:set_count",
"count": 23
}
]
},
{
  "type": "minecraft:item",
  "name": "minecraft:wooden_pickaxe",
  "functions": [
  {
  "function": "minecraft:set_count",
  "count": 1
  }
  ]
  },
  {
    "type": "minecraft:item",
    "name": "minecraft:golden_shovel",
    "functions": [
    {
    "function": "minecraft:set_count",
    "count": 1
    }
    ]
    }, {
      "type": "minecraft:item",
      "name": "minecraft:shears",
      "functions": [
      {
      "function": "minecraft:set_count",
      "count": 1
      }
      ]
      }, {
        "type": "minecraft:item",
        "name": "minecraft:spyglass",
        "functions": [
        {
        "function": "minecraft:set_count",
        "count": 1
        }
        ]
        }, {
          "type": "minecraft:item",
          "name": "minecraft:lead",
          "functions": [
          {
          "function": "minecraft:set_count",
          "count": 1
          }
          ]
          }, {
            "type": "minecraft:item",
            "name": "minecraft:bread",
            "functions": [
            {
            "function": "minecraft:set_count",
            "count": 12
            }
            ]
            },
    {
      "type": "minecraft:item",
      "name": "minecraft:lava_bucket",
      "functions": [
      {
      "function": "minecraft:set_count",
      "count": 1
      }
      ]
      }, {
        "type": "minecraft:item",
        "name": "minecraft:saddle",
        "functions": [
        {
        "function": "minecraft:set_count",
        "count": 1
        }
        ]
        },{
        "type": "minecraft:item",
        "name": "minecraft:obsidian",
        "functions": [
        {
        "function": "minecraft:set_count",
        "count": 1
        }
        ]
        },
      {
        "type": "minecraft:item",
        "name": "minecraft:water_bucket",
        "functions": [
        {
        "function": "minecraft:set_count",
        "count": 1
        }
        ]
        },
        
{
"type": "minecraft:item",
"name": "minecraft:flint_and_steel",
"functions": [
{
"function": "minecraft:set_count",
"count": 1
}
]
},
        
{
"type": "minecraft:item",
"name": "minecraft:cake",
"functions": [
{
"function": "minecraft:set_count",
"count": 1
}
]
},
        
{
"type": "minecraft:item",
"name": "minecraft:honey_bottle",
"functions": [
{
"function": "minecraft:set_count",
"count": 1
}
]
},
        
{
"type": "minecraft:item",
"name": "minecraft:axolotl_bucket",
"functions": [
{
"function": "minecraft:set_count",
"count": 1
}
]
},
        
{
"type": "minecraft:item",
"name": "minecraft:powder_snow_bucket",
"functions": [
{
"function": "minecraft:set_count",
"count": 1
}
]
},
        
{
"type": "minecraft:item",
"name": "minecraft:carrot",
"functions": [
{
"function": "minecraft:set_count",
"count": 17
}
]
},
        
{
"type": "minecraft:item",
"name": "minecraft:minecart",
"functions": [
{
"function": "minecraft:set_count",
"count": 1
}
]
},
        
{
"type": "minecraft:item",
"name": "minecraft:fire_charge",
"functions": [
{
"function": "minecraft:set_count",
"count": 1
}
]
},{
  "type": "minecraft:item",
  "name": "minecraft:fishing_rod",
  "functions": [
  {
  "function": "minecraft:set_count",
  "count": 1
  }
  ]
  },
  

{
  "type": "minecraft:item",
  "name": "minecraft:bell",
  "functions": [
  {
  "function": "minecraft:set_count",
  "count": 1
  }
  ]
  },

  {
    "type": "minecraft:item",
    "name": "minecraft:slime_block",
    "functions": [
    {
    "function": "minecraft:set_count",
    "count": 3
    }
    ]
    },
    {
      "type": "minecraft:item",
      "name": "minecraft:lightning_rod",
      "functions": [
      {
      "function": "minecraft:set_count",
      "count": 1
      }
      ]
      },
      {
        "type": "minecraft:item",
        "name": "minecraft:turtle_helmet",
        "functions": [
        {
        "function": "minecraft:set_count",
        "count": 1
        }
        ]
        },
          {
            "type": "minecraft:item",
            "name": "minecraft:goat_horn",
            "functions": [
            {
            "function": "minecraft:set_count",
            "count": 1
            }
            ]
            }



]
}
]
}