{
  "type": "minecraft:block",
  "pools": [
    {
      "rolls": 1,
      "entries": [
        {
          "type": "minecraft:item",
          "weight": 1,
          "name": "minecraft:stone_axe"
        },
        {
          "type": "minecraft:item",
          "weight": 1,
          "name": "minecraft:stone_sword"
        },
        {
          "type": "minecraft:item",
          "weight": 1,
          "name": "minecraft:stone_pickaxe"
        },
        {
          "type": "minecraft:item",
          "weight": 1,
          "name": "minecraft:stone_hoe"
        },
        {
          "type": "minecraft:item",
          "weight": 1,
          "name": "minecraft:stone_shovel"
        },
        {
          "type": "minecraft:item",
          "weight": 50,
          "name": "minecraft:cobblestone",
          "functions": [
              {"function": "minecraft:set_count",
              "count": {
                "min": 1,
                "max": 1
              }}
          ]
          
        }
      ]
    }
  ]
}
