{
    "type": "minecraft:block",
    "pools": [
      {
        "rolls": 1,
        "entries": [
          {
            "type": "minecraft:item",
            "weight": 1,
            "name": "minecraft:wooden_axe"
          },
          {
            "type": "minecraft:item",
            "weight": 1,
            "name": "minecraft:wooden_sword"
          },
          {
            "type": "minecraft:item",
            "weight": 1,
            "name": "minecraft:wooden_pickaxe"
          },
          {
            "type": "minecraft:item",
            "weight": 1,
            "name": "minecraft:wooden_hoe"
          },
          {
            "type": "minecraft:item",
            "weight": 1,
            "name": "minecraft:wooden_shovel"
          },
          {
            "type": "minecraft:item",
            "weight": 50,
            "name": "minecraft:spruce_planks",
            "functions": [
                {"function": "minecraft:set_count",
                "count": {
                  "min": 2,
                  "max": 4
                }}
            ]
            
          }
        ]
      }
    ]
  }
  